{"train_acc":0.65625,"_wandb":{"runtime":24},"epoch":0,"trainer/global_step":149,"_timestamp":1.7364385632058756e+09,"_runtime":21.3408518,"_step":2,"train_loss":1.256900429725647}
